<?xml version="1.0" encoding="UTF-8"?>
<project-private xmlns="http://www.netbeans.org/ns/project-private/1">
    <editor-bookmarks xmlns="http://www.netbeans.org/ns/editor-bookmarks/2" lastBookmarkId="0"/>
    <open-files xmlns="http://www.netbeans.org/ns/projectui-open-files/2">
        <group>
            <file>file:/C:/Users/vr/Documents/NetBeansProjects/JavaApplication217/src/javaapplication217/BritishShorhHair.java</file>
            <file>file:/C:/Users/vr/Documents/NetBeansProjects/JavaApplication217/src/javaapplication217/Patient.java</file>
            <file>file:/C:/Users/vr/Documents/NetBeansProjects/JavaApplication217/src/javaapplication217/Dog.java</file>
            <file>file:/C:/Users/vr/Documents/NetBeansProjects/JavaApplication217/src/javaapplication217/Doctor.java</file>
            <file>file:/C:/Users/vr/Documents/NetBeansProjects/JavaApplication217/src/javaapplication217/Cat.java</file>
            <file>file:/C:/Users/vr/Documents/NetBeansProjects/JavaApplication217/src/javaapplication217/JavaApplication217.java</file>
        </group>
    </open-files>
</project-private>
